"","variable","Low","Medium","High"
"1","Acute Myocardial Infarction","44.1988950276243","46.6954022988506","49.4818652849741"
"2","Hypertension","50.828729281768","48.9942528735632","51.0362694300518"
"3","Diabetes","30.939226519337","32.0402298850575","30.5699481865285"
"4","Renal Dysfunction","17.1270718232044","21.4080459770115","21.7616580310881"
"5","Chronic Ischemic Heart Disease","69.060773480663","68.3908045977011","69.4300518134715"
"6","History of CABG","5.24861878453039","5.17241379310345","6.21761658031088"
"7","Ischemic cardiomyopathy","72.6519337016575","72.4137931034483","75.6476683937824"
"8","History of other cardiac surgery","0","0","0"
"9","Peripheral vascular disease","7.73480662983425","10.2011494252874","10.3626943005181"
